﻿Run,Bases,Bytes,disease_state,icu_admission,Treatment
SRR12850397,1765719564,625144349,COVID19 patient,no ICU admission,0 days HCQ
SRR12850398,1944140856,683794252,COVID19 patient,no ICU admission,5 days HCQ
SRR12850399,2111215008,736940686,COVID19 patient,no ICU admission,0 days HCQ
SRR12850400,1892019024,678207068,COVID19 patient,ICU admission,0 days HCQ
SRR12850401,2025894696,716062310,COVID19 patient,ICU admission,0 days HCQ
SRR12850402,1981440384,697422563,COVID19 patient,ICU admission,5 days HCQ
SRR12850403,1795873716,639062413,COVID19 patient,ICU admission,5 days HCQ
SRR12850404,2284824024,806121306,COVID19 patient,ICU admission,0 days HCQ
SRR12850405,2135462196,750543967,COVID19 patient,ICU admission,5 days HCQ
SRR12850406,1935451980,691675240,COVID19 patient,ICU admission,0 days HCQ
SRR12850407,1945021176,697529822,COVID19 patient,ICU admission,5 days HCQ
SRR12850408,1836005724,650786024,COVID19 patient,no ICU admission,0 days HCQ
SRR12850409,1835767584,659574263,COVID19 patient,no ICU admission,0 days HCQ
SRR12850410,1727542656,621632075,COVID19 patient,no ICU admission,5 days HCQ
SRR12850411,2169659016,764196071,COVID19 patient,no ICU admission,0 days HCQ
SRR12850412,1624411404,612962916,COVID19 patient,no ICU admission,0 days HCQ
SRR12850413,1860637632,664545783,COVID19 patient,no ICU admission,5 days HCQ
SRR12850414,1852514496,654790360,COVID19 patient,no ICU admission,0 days HCQ
SRR12850415,2085790644,732886372,COVID19 patient,no ICU admission,0 days HCQ
SRR12850416,2020393116,706509109,COVID19 patient,no ICU admission,0 days HCQ
SRR12850435,2236546032,814408340,healthy donor,NA,untreated
SRR12850436,2054993304,746181853,healthy donor,NA,untreated
SRR12850437,2301349848,835874340,healthy donor,NA,untreated
SRR12850438,1909191312,696625646,healthy donor,NA,HKCA
SRR12850439,2559669000,930357773,healthy donor,NA,HKCA
SRR12850440,1921990308,719922554,healthy donor,NA,HKCA
SRR12850441,2145715992,783365688,healthy donor,NA,HKCA+HCQ
SRR12850442,2259632760,824302202,healthy donor,NA,HKCA+HCQ
SRR12850443,1895721576,730079158,healthy donor,NA,HKCA+HCQ